author,title,description,url,source,published_at
,Brazil's Lula puts Ukraine peace on his agenda in China,"(marketscreener.com) President Luiz Inacio Lula da Silva departed Brazil on Tuesday for an official visit to China, where he aims to convince President Xi Jinping to form a group of nations to mediate an end to Russia's war with Ukraine.https://www.marketscreener.com/quote/stock/EMBRAER-S-A-6492875/news/Brazil-s-Lula-puts-Ukraine-peace-on-his-agenda-in-China-43469625/?utm_medium=RSS&utm_content=20230411",https://www.marketscreener.com/quote/stock/EMBRAER-S-A-6492875/news/Brazil-s-Lula-puts-Ukraine-peace-on-his-agenda-in-China-43469625/?utm_medium=RSS&utm_content=20230411,4-traders,2023-04-11
Owen Lloyd,Russia claims China among 16 countries to compete at university sports event in Yekaterinburg,The Russian Ministry of Sports has claimed that 16 countries have confirmed their participation f...,https://www.insidethegames.biz/articles/1135820/russia-university-sports-festival,insidethegames,2023-04-11
ROB GILLIES,"Trudeau provides more Ukraine aid, dismisses site being down",Canadian Prime Minister Justin Trudeau have announced more military aid to support Ukraine in its war with Russia while hosting Ukrainian Prime Minister Denys Shmyhal in Toronto,https://www.sandiegouniontribune.com/news/nation-world/story/2023-04-11/trudeau-provides-more-ukraine-aid-dismisses-site-being-down,signonsandiego,2023-04-11
,Ukraine updates: Russia begins military drills in the Arctic,"Soldiers, ships and planes are taking part in the military exercise in Russia's icy northern sea. Meanwhile, the UK has said Russia is likely beefing up its airborne forces. DW has the latest.",https://www.dw.com/en/ukraine-updates-russia-begins-military-drills-in-the-arctic/a-65276843?maca=en-rss-en-eu-2092-rdf,Deutsche Welle,2023-04-11
,Terrifying moment scientists run for cover under their snowmobiles as Russian volcano erupts,"Shiveluch, the biggest and most active of Kamchatka's volcanoes, erupted early this morning, spreading thick ash over 41,700 square miles.",https://www.dailymail.co.uk/news/article-11961461/Terrifying-moment-scientists-run-cover-snowmobiles-Russian-volcano-erupts.html?ns_mchannel=rss&ito=1490&ns_campaign=1490,dailymail,2023-04-11
Howard Solomon,Breaking News: DDoS attacks block PM Trudeau’s web site,"A pro-Russian threat group is believed to be behind a distributed denial of service (DDoS) attack that has blocked access to Prime Minister Justin Trudeau&#8217;s official web site. The attack appears to have been timed to coincide with the government&#8217;s meeting today with Ukrainian Prime Minister Denys Shmyhal. As of 1:30 p.m. Eastern, the Canadian",https://www.itworldcanada.com/article/breaking-news-ddos-attacks-block-pm-trudeaus-web-site/536110,itworldcanada,2023-04-11
,Ukraine bids farewell to fallen opera conductor,(marketscreener.com) Tearful mourners bid farewell on Tuesday to a celebrated Ukrainian opera conductor who was killed fighting Russian forces in eastern Ukraine.https://www.marketscreener.com/quote/currency/US-DOLLAR-RUSSIAN-ROUBL-2370597/news/Ukraine-bids-farewell-to-fallen-opera-conductor-43469467/?utm_medium=RSS&utm_content=20230411,https://www.marketscreener.com/quote/currency/US-DOLLAR-RUSSIAN-ROUBL-2370597/news/Ukraine-bids-farewell-to-fallen-opera-conductor-43469467/?utm_medium=RSS&utm_content=20230411,4-traders,2023-04-11
Brian Fagioli,Microsoft brings PC Game Pass to 40 additional countries,"Microsoft may be an American company, but make no mistake, the Windows-maker will happily accept money from consumers in any country. An so, today, Microsoft announces its popular PC Game Pass service is expanding to 40 new countries, opening up the platform to millions of gamers around the world. The service will now be available in new countries including Albania, Bolivia, Costa Rica, Croatia, Cyprus, Estonia, Guatemala, Iceland, Kuwait, Latvia, Libya, Liechtenstein, Malta, Oman, Panama, Peru, Qatar, Romania, Serbia, Slovenia, Tunisia, Ukraine, and more. With this new expansion, Microsoft is...",https://betanews.com/2023/04/11/microsoft-pc-game-pass-40-country/,betanews,2023-04-11
Online News Editor,Kamchatcka eruption in Russia produces amount of ash in 60 years,"Moscow, Apr 11 (EFE).- A volcanic eruption on the Kamchatka peninsula in Russia’s Far East has sent a huge cloud into the sky, covering several nearby towns in the largest amount of volcanic ash in 60 years, a Russian volcanologist said Tuesday. &#8220;The previous ash fallout of such magnitude in Kliuchi – the nearest town &#8230;The post Kamchatcka eruption in Russia produces amount of ash in 60 years appeared first on La Prensa Latina Media.",https://www.laprensalatina.com/kamchatcka-eruption-in-russia-produces-amount-of-ash-in-60-years/,Prensa latina,2023-04-11
,"Canada pledges fresh military aid for Ukraine, sanctions on Russia","(marketscreener.com) Canada on Tuesday imposed new sanctions over Russia's invasion in Ukraine and pledged fresh military support for Kyiv, Prime Minister Justin Trudeau said after meeting Ukrainian Prime Minister Denys Shmyhal in Toronto.https://www.marketscreener.com/news/latest/Canada-pledges-fresh-military-aid-for-Ukraine-sanctions-on-Russia--43469395/?utm_medium=RSS&utm_content=20230411",https://www.marketscreener.com/news/latest/Canada-pledges-fresh-military-aid-for-Ukraine-sanctions-on-Russia--43469395/?utm_medium=RSS&utm_content=20230411,4-traders,2023-04-11
,Let's See The Victory: Blinded Ukrainian Soldier Wants To Bring Artificial Vision To Ukraine,"A Ukrainian sapper lost both of his eyes when an antipersonnel mine exploded during a mission in the Donbas region. After four months in the hospital and extensive rehab, Vladyslav Yeshchenko co-founded Let's See The Victory, a charity project that wants to bring an experimental technology to Ukraine that could help him and other blind soldiers see again.",https://www.rferl.org/a/ukraine-blind-soldier-technology-vision-/32359113.html,rferl,2023-04-11
,"Italy cuts 2024 growth forecast to 1.5%, citing rates, war","The Italian government has cut its economic growth forecast for next year, taking into account the negative impact of rising interest rates, the effects of the war in Ukraine and the emergence of localized crises in the international banking and financial system",https://www.marketbeat.com/articles/italy-cuts-2024-growth-forecast-to-15-citing-rates-war-2023-04-11/,lulegacy,2023-04-11
Chris Stevenson,US seeks to reassure allies over Pentagon leaks about Ukraine,"Aware that Moscow could use the leak to sow discontent, there appears to be a concerted effort among Ukraine’s allies to downplay the importance of the documents",https://www.independent.co.uk/news/world/europe/ukraine-war-russia-pentagon-leak-bakhmut-b2317968.html,Independent,2023-04-11
Andrew Bucholtz,Brittney Griner will have a memoir published next year,"The last year-plus has seen maybe more discussion of Brittney Griner than any other athlete, from her Feb. 2022 imprisonment in Russia through months of efforts to free her that culminated with a prisoner exchange in December where she was sent home to the U.S. in exchange for Russian arms dealer Viktor Bout. Now, Griner Read more...The post Brittney Griner will have a memoir published next year appeared first on Awful Announcing.",https://awfulannouncing.com/books/brittney-griner-memoir-2024.html,awfulannouncing,2023-04-11
AFP,South Korea says ‘significant’ number of leaked US docs are fake,"South Korea on Tuesday said a ""significant portion"" of leaked US intelligence documents indicating concerns in Seoul about arms supplies to Ukraine were fake.The post South Korea says &#8216;significant&#8217; number of leaked US docs are fake appeared first on Nehanda Radio.",https://nehandaradio.com/2023/04/11/south-korea-says-significant-number-of-leaked-us-docs-are-fake/,nehandaradio,2023-04-11
CNN Newssource,"5 things to know for April 11: Louisville shooting, Covid, Fungus, Ukraine, Dalai Lama","By Alexandra Meeks, CNN As the Pentagon investigates a major leak of classified documents that recently turned up on social media sites, dozens of them remain viewable on Twitter. This type of sensitive government information can slip under the radar for weeks, analysts say, because some social networks lack policies against posting classified information. Here&#8217;sThe post 5 things to know for April 11: Louisville shooting, Covid, Fungus, Ukraine, Dalai Lama appeared first on KRDO.",https://krdo.com/news/2023/04/11/5-things-to-know-for-april-11-louisville-shooting-covid-fungus-ukraine-dalai-lama/,krdo,2023-04-11
Associated Press,Brittney Griner working on memoir about Russian captivity,"NEW YORK &#8212; Saying she is ready to share the &#8220;unfathomable&#8221; experience of being arrested and incarcerated in Russia, basketball star Brittney Griner is working on a memoir that is scheduled for spring 2024. Griner was arrested last year at the airport in Moscow on drug-related charges and detained for nearly 10 months, much of [&#8230;]",https://torontosun.com/news/world/brittney-griner-working-on-memoir-about-russian-captivity,torontosun,2023-04-11
"Sara Dorn, Forbes Staff","Here’s Why U.S. Officials Feel ‘Sick’ Over Defense Leaks: Secrets About Allies, Alliances With Russia And Doubts About Ukraine’s Strength","“I’m sick to my stomach,” a Department of Defense official told Politico about the breach.",https://www.forbes.com/sites/saradorn/2023/04/11/heres-why-us-officials-feel-sick-over-defense-leaks-secrets-about-allies-alliances-with-russia-and-doubts-about-ukraines-strength/,Forbes,2023-04-11
Associated Press,Brittney Griner working on memoir about Russian captivity,"Saying she is ready to share the “unfathomable” experience of being arrested and incarcerated in Russia, basketball star Brittney Griner is working on a memoir that is scheduled for spring 2024.",https://www.kgun9.com/news/national/brittney-griner-working-on-memoir-about-russian-captivity,kgun9,2023-04-11
,Prostitution: An Unwanted Brand Of Contemporary Ukraine – Analysis,"After the collapse of the Soviet Union and the independence of Ukraine in 1991, the Ukrainian government launched efforts to transition the economy from a planned to a market economy. The transition process created serious economic difficulties and misery in the country. In the first decade of Ukrainian independence, almost 80% of the population was pushed into a state of poverty. Unemployment rose at a galloping rate, with female unemployment rising to a staggering 64% in 1997. The economic collapse left the nation vulnerable and forced many women to enter the hellish world of prostitution and...",https://api.follow.it/track-rss-story-click/v3/Qw9d99ManWcHY7jAWnbYD4eLGixeGJZp,eurasiareview,2023-04-11
,"REC, Belveb and VEB.RF Will Finance Modernization of Grodno Azot","A group of companies of the Russian Export Center (REC), Bank BelVEB and VEB.RF will participate in the financing of an investment project for the reconstruction of the Ammonia-4 workshop of Belarus' Grodno Azot, a credit line of 3.25 billion rubles will be opened for seven years, the REC said.",https://sputnikglobe.com/20230411/rec-belveb-and-vebrf-will-finance-modernization-of-grodno-azot-1109349173.html,en,2023-04-11
The Associated Press,Ukraine resumes electricity exports despite Russian attacks,"KYIV, Ukraine (AP) &#8212; Ukraine began resuming electricity exports to European countries on Tuesday, its energy minister said, a dramatic turnaround from six months ago when fierce Russian bombardment of power stations plunged much of the country into darkness in a bid to demoralize the population. The announcement by Energy Minister Herman Halushchenko that Ukraine [&#8230;]",https://nationalpost.com/pmn/news-pmn/ukraine-resumes-electricity-exports-despite-russian-attacks,nationalpost,2023-04-11
SAMYA KULLAB,Ukraine resumes electricity exports despite Russian attacks,"Ukraine's energy ministger says the country has begun resuming electricity exports to European countries, in a dramatic turnaround from just six months ago",https://www.sandiegouniontribune.com/news/nation-world/story/2023-04-11/ukraine-resumes-electricity-exports-despite-russian-attacks,signonsandiego,2023-04-11
Associated Press,Ukraine resumes electricity exports despite Russian attacks,"Ukraine began resuming electricity exports to European countries on Tuesday, its energy minister said, a dramatic turnaround from six months ago when fierce Russian bombardment of power stations plunged much of the country into darkness in a bid to demoralize the population. The announcement by Energy Minister Herman Halushchenko that Ukraine was not only meeting domestic consumption demands but also ready to restart exports to its neighbors was a clear message that Moscow's attempt to weaken Ukraine by targeting its infrastructure did not work. Ukraine's domestic energy demand is “100...",https://ca.sports.yahoo.com/news/ukraine-resumes-electricity-exports-despite-164554899.html?src=rss,sports,2023-04-11
,Ukraine resumes electricity exports despite Russian attacks,"Ukraine's energy ministger says the country has begun resuming electricity exports to European countries, in a dramatic turnaround from just six months ago",https://www.marketbeat.com/articles/ukraine-resumes-electricity-exports-despite-russian-attacks-2023-04-11/,lulegacy,2023-04-11
,Ukraine resumes electricity exports despite Russian attacks,Ukraine resumes electricity exports despite Russian attacks,https://news.yahoo.com/ukraine-resumes-electricity-exports-despite-164554899.html,Yahoo News,2023-04-11
,Air Defense Force Commander: Russian Forces Have Shot Down 100 Bayraktar Drones During Special Op,"Since the beginning of Russia's special operation in Ukraine, Ukrainian propaganda has relied on various ""wonder weapons"" of Western origin. However, Russian troops have proven successful in countering them, including Javelin anti-tank missiles, M777 howitzers, and other military equipment.",https://sputnikglobe.com/20230411/air-defense-force-commander-russian-forces-have-shot-down-100-bayraktar-drones-during-special-op-1109351177.html,en,2023-04-11
Brittany Brewster,Brittney Griner working on memoir about Russian captivity,"SOURCE: (AP) &#8212; Saying she is ready to share the &#8220;unfathomable&#8221; experience of being arrested and incarcerated in Russia, basketball star Brittney Griner is working on a memoir that is scheduled for spring 2024. Griner was arrested last year at the airport in Moscow on drug-related charges and detained for nearly 10 months, much of [&#8230;]The post Brittney Griner working on memoir about Russian captivity appeared first on Barbados Today.",https://barbadostoday.bb/2023/04/11/brittney-griner-working-on-memoir-about-russian-captivity/,barbados Today,2023-04-11
Khalil Kamara,"« 2024 : Une perspective un enjeu, notre pays à la croisée des chemins… »","Il subit les contre-coups de la crise économique engendrée par la guerre en Ukraine, il est cerné par une ceinture de feu des pays de la sous-région déstabilisées par les forces djihadistes, la découverte du pétrole et du gaz aiguise les appétits à l’intérieur comme à l’extérieur de nos frontières. Ce contexte géo-politique est gros [&#8230;]",https://senego.com/2024-une-perspective-un-enjeu-notre-pays-a-la-croisee-des-chemins_1538846.html,Senego,2023-04-11
Mark Frauenfelder,Dream job nightmare: Google leaves new hire jobless and without an apartment,"Andrey Gein, a Russian resident who worked at Yandex, a Russian search engine and web portal, spent several months interviewing for a position at Google's London office. After passing five technical interviews and speaking with numerous individuals at Google, he received a job offer that included his salary. &#8212; Read the rest",https://boingboing.net/2023/04/11/dream-job-nightmare-google-leaves-new-hire-jobless-and-without-an-apartment.html,boingboing,2023-04-11
,South Korea says leaked US intelligence files on Ukraine are fake and fabricated,Seoul dismissed a number of the claims made in the leaked files. The South Korean government has repeatedly refused to send lethal aid to Ukraine.,https://www.dailymail.co.uk/news/article-11961261/South-Korea-says-leaked-intelligence-files-Ukraine-fake-fabricated.html?ns_mchannel=rss&ns_campaign=1490&ito=1490,Mail,2023-04-11
,"Guerre en Ukraine, en direct : Les Etats-Unis émettent des doutes sur une contre-offensive ukrainienne","Des bombardements sur les villes d’Orikhiv et d’Houliaïpole ont été annoncés, mardi, par le chef de cabinet de la présidence ukrainienne.",https://www.lemonde.fr/international/live/2023/04/11/guerre-en-ukraine-en-direct-les-etats-unis-emettent-des-doutes-sur-une-contre-offensive-ukrainienne_6169014_3210.html,Le Monde,2023-04-11
Online News Editor,Ukrainian minister seeks G20 participation during India visit,"New Delhi, Apr 11 (EFE).- Ukraine&#8217;s deputy foreign minister, Emine Dzhaparova, on Tuesday called for a seat in the G20 meetings for her country during a visit to India &#8211; which is hosting a series of events as the chair of the bloc this year &#8211; in order to highlight the Ukrainian people&#8217;s struggle against &#8230;The post Ukrainian minister seeks G20 participation during India visit appeared first on La Prensa Latina Media.",https://www.laprensalatina.com/ukrainian-minister-seeks-g20-participation-during-india-visit/,Prensa latina,2023-04-11
The Associated Press,Brittney Griner working on memoir about Russian captivity,"NEW YORK (AP) &#8212; Saying she is ready to share the &#8220;unfathomable&#8221; experience of being arrested and incarcerated in Russia, basketball star Brittney Griner is working on a memoir that is scheduled for spring 2024. Griner was arrested last year at the airport in Moscow on drug-related charges and detained for nearly 10 months, much [&#8230;]",https://nationalpost.com/pmn/entertainment-pmn/brittney-griner-working-on-memoir-about-russian-captivity,nationalpost,2023-04-11
,Russian army commander to be removed from Defence Ministry address,Mikhail Kutuzov will be replaced with Rudolf Viest.,https://spectator.sme.sk/c/23156346/russian-army-commander-to-be-removed-from-defence-ministry-address.html,spectator,2023-04-11
The Telegraph,"Ukraine: The Latest podcast - ""The idea the Russians have taken Bakhmut is hilarious""","Today, we analyse the fallout from the leaked pentagon documents on Ukraine and our defence editor reflects on her most recent despatch from the front-lines.",https://ca.sports.yahoo.com/news/ukraine-latest-listen-daily-podcast-172148891.html?src=rss,sports,2023-04-11
,Guerre en Ukraine : la Russie adopte une loi permettant l’enrôlement en ligne,"Il sera desormais tres complique d'echapper a sa convocation militaire en Russie. Mardi, la Douma a adopte une loi permettant de l'envoyer par voie electronique.",https://www.lepoint.fr/monde/guerre-en-ukraine-la-russie-adopte-une-loi-permettant-l-enrolement-en-ligne-11-04-2023-2515874_24.php#xtor=RSS-286,lepoint,2023-04-11
,YELLEN SAYS DEEPLY CONCERNED OVER RUSSIA'S DETENTION OF WSJ REPO&#8230;,(marketscreener.com) YELLEN SAYS DEEPLY CONCERNED OVER RUSSIA'S DETENTION OF WSJ REPORTER https://www.marketscreener.com/quote/currency/US-DOLLAR-RUSSIAN-ROUBL-2370597/news/YELLEN-SAYS-DEEPLY-CONCERNED-OVER-RUSSIA-S-DETENTION-OF-WSJ-REPO-8230-43468710/?utm_medium=RSS&utm_content=20230411,https://www.marketscreener.com/quote/currency/US-DOLLAR-RUSSIAN-ROUBL-2370597/news/YELLEN-SAYS-DEEPLY-CONCERNED-OVER-RUSSIA-S-DETENTION-OF-WSJ-REPO-8230-43468710/?utm_medium=RSS&utm_content=20230411,4-traders,2023-04-11
,YELLEN SAYS RUSSIA'S WAR IN UKRAINE SHOWED IMPORTANCE OF DIVERSI&#8230;,(marketscreener.com) YELLEN SAYS RUSSIA'S WAR IN UKRAINE SHOWED IMPORTANCE OF DIVERSIFYING SUPPLY CHAINS https://www.marketscreener.com/quote/currency/US-DOLLAR-RUSSIAN-ROUBL-2370597/news/YELLEN-SAYS-RUSSIA-S-WAR-IN-UKRAINE-SHOWED-IMPORTANCE-OF-DIVERSI-8230-43468709/?utm_medium=RSS&utm_content=20230411,https://www.marketscreener.com/quote/currency/US-DOLLAR-RUSSIAN-ROUBL-2370597/news/YELLEN-SAYS-RUSSIA-S-WAR-IN-UKRAINE-SHOWED-IMPORTANCE-OF-DIVERSI-8230-43468709/?utm_medium=RSS&utm_content=20230411,4-traders,2023-04-11
,"Europe cannot turn its back on China, Spanish minister says","(marketscreener.com) Europe cannot ignore China's role as a key trading partner and important geopolitical player that could help put an end to the war in Ukraine, or provide debt relief for low-income countries, Spanish Economy Minister Nadia Calvino said on Tuesday.https://www.marketscreener.com/news/latest/Europe-cannot-turn-its-back-on-China-Spanish-minister-says--43468687/?utm_medium=RSS&utm_content=20230411",https://www.marketscreener.com/news/latest/Europe-cannot-turn-its-back-on-China-Spanish-minister-says--43468687/?utm_medium=RSS&utm_content=20230411,4-traders,2023-04-11
,RUSSIA HAS EXPANDED DIESEL EXPORTS TO BRAZIL AMID EMBARGOES ON R&#8230;,"(marketscreener.com) RUSSIA HAS EXPANDED DIESEL EXPORTS TO BRAZIL AMID EMBARGOES ON RUSSIAN PRODUCTS BY EUROPE, SAYS ABICOM https://www.marketscreener.com/news/latest/RUSSIA-HAS-EXPANDED-DIESEL-EXPORTS-TO-BRAZIL-AMID-EMBARGOES-ON-R-8230--43468693/?utm_medium=RSS&utm_content=20230411",https://www.marketscreener.com/news/latest/RUSSIA-HAS-EXPANDED-DIESEL-EXPORTS-TO-BRAZIL-AMID-EMBARGOES-ON-R-8230--43468693/?utm_medium=RSS&utm_content=20230411,4-traders,2023-04-11
,RUSSIAN DIESEL ARRIVES IN BRAZIL BETWEEN 20 AND 30 CENTS A GALLO&#8230;,"(marketscreener.com) RUSSIAN DIESEL ARRIVES IN BRAZIL BETWEEN 20 AND 30 CENTS A GALLON CHEAPER THAN IMPORTS FROM OTHER COUNTRIES, SAYS PRESIDENT OF IMPORTERS' ASSOCIATION https://www.marketscreener.com/quote/currency/EURO-BRAZILIAN-REAL-EU-2358324/news/RUSSIAN-DIESEL-ARRIVES-IN-BRAZIL-BETWEEN-20-AND-30-CENTS-A-GALLO-8230-43468692/?utm_medium=RSS&utm_content=20230411",https://www.marketscreener.com/quote/currency/EURO-BRAZILIAN-REAL-EU-2358324/news/RUSSIAN-DIESEL-ARRIVES-IN-BRAZIL-BETWEEN-20-AND-30-CENTS-A-GALLO-8230-43468692/?utm_medium=RSS&utm_content=20230411,4-traders,2023-04-11
,BRAZIL IS EXPECTED TO RECEIVE BETWEEN 10 AND 15 SHIPS WITH RUSSI&#8230;,"(marketscreener.com) BRAZIL IS EXPECTED TO RECEIVE BETWEEN 10 AND 15 SHIPS WITH RUSSIAN DIESEL IN APRIL, WITH MOST UNLOADING AT PARANAGUA PORT, SAYS ARGUS https://www.marketscreener.com/quote/currency/EURO-BRAZILIAN-REAL-EU-2358324/news/BRAZIL-IS-EXPECTED-TO-RECEIVE-BETWEEN-10-AND-15-SHIPS-WITH-RUSSI-8230-43468691/?utm_medium=RSS&utm_content=20230411",https://www.marketscreener.com/quote/currency/EURO-BRAZILIAN-REAL-EU-2358324/news/BRAZIL-IS-EXPECTED-TO-RECEIVE-BETWEEN-10-AND-15-SHIPS-WITH-RUSSI-8230-43468691/?utm_medium=RSS&utm_content=20230411,4-traders,2023-04-11
,RUSSIAN DIESEL IMPORTS BY BRAZIL IN APRIL SHOULD JUMP TO 53% OF&#8230;,"(marketscreener.com) RUSSIAN DIESEL IMPORTS BY BRAZIL IN APRIL SHOULD JUMP TO 53% OF TOTAL IMPORTS BY BRAZILIANS VS 0.2% IN THE SAME MONTH OF 2022, ARGUS FORECASTS https://www.marketscreener.com/quote/currency/EURO-BRAZILIAN-REAL-EU-2358324/news/RUSSIAN-DIESEL-IMPORTS-BY-BRAZIL-IN-APRIL-SHOULD-JUMP-TO-53-OF-8230-43468690/?utm_medium=RSS&utm_content=20230411",https://www.marketscreener.com/quote/currency/EURO-BRAZILIAN-REAL-EU-2358324/news/RUSSIAN-DIESEL-IMPORTS-BY-BRAZIL-IN-APRIL-SHOULD-JUMP-TO-53-OF-8230-43468690/?utm_medium=RSS&utm_content=20230411,4-traders,2023-04-11
The Associated Press,Ukraine wants India to play bigger role in ending war,"NEW DELHI (AP) &#8212; Ukraine wants India to play a bigger role in helping end Russia&#8217;s war, its deputy foreign minister said Tuesday during the first visit by a senior Ukrainian official to India since the war began last year. India &#8220;can play a bigger and greater role&#8221; and Ukraine would &#8220;welcome any effort that [&#8230;]",https://nationalpost.com/pmn/news-pmn/ukraine-wants-india-to-play-bigger-role-in-ending-war,nationalpost,2023-04-11
KRUTIKA PATHI,Ukraine wants India to play bigger role in ending war,Ukraine's deputy foreign minister says her country wants India to play a bigger role in helping end Russia’s war,https://www.sandiegouniontribune.com/news/nation-world/story/2023-04-11/ukraine-wants-india-to-play-bigger-role-in-ending-war,signonsandiego,2023-04-11
Isabel Keane,"US reporter ‘violated Russian law,’ was caught ‘red-handed’: Kremlin","Wall Street Journal reporter Evan Gershkovich was caught ""red-handed"" violating Russian law, the Kremlin said on Tuesday after the US State Department officially designated the journalist as being ""wrongfully detained.""",https://nypost.com/2023/04/11/kremlin-evan-gershkovich-was-caught-red-handed-in-russia/,New York Post,2023-04-11
Craig Munro,Conductor for the Kyiv Opera killed on frontlines in Ukraine,'Now he will play his music with the heavenly orchestra.',https://metro.co.uk/2023/04/11/conductor-for-the-kyiv-opera-killed-on-frontlines-in-ukraine-18592949/,Metro,2023-04-11
,"U.N. says nearly 8,500 civilians killed since Russian invasion","The United Nations Office for The High Commissioner for Human Rights on Tuesday said the estimated civilian casualty figures for the war in Ukraine were nearing 8,500 but warned the actual numbers are likely much higher.",https://www.upi.com/Top_News/World-News/2023/04/11/ukraine-ohchr-8500-civilians-killed-Russian-invasion/7761681219906/,upi,2023-04-11
Reuters,"Russia’s Wagner mercenaries control over 80% of Bakhmut, leader says","The head of Russia&#8217;s Wagner mercenary group, Yevgeny Prigozhin, said in a video posted on Tuesday that his forces now control more than 80% of the eastern Ukrainian city of Bakhmut. Wagner fighters have led Russia&#8217;s months-long efforts to capture Bakhmut, in one of the bloodiest battles in its 13-month-old invasion of Ukraine. The grinding [&#8230;]",https://nationalpost.com/pmn/news-pmn/russias-wagner-mercenaries-control-over-80-of-bakhmut-leader-says,nationalpost,2023-04-11
Rob Beschizza,"Russia lost 1.3 million ""young workers"" last year","The Moscow Times reports that Russia's workforce lost 1.3M young people last year. If it invites the question ""I wonder where they went?"" the answer is the obvious one: they're fled or buried.Working citizens under the age of 35 in the Russian labor market totaled 21.5 million in December, accounting for 29.8% of the country's workforce of 72.1 million.  &#8212; Read the rest",https://boingboing.net/2023/04/11/russia-lost-1-3m-young-workers-in-the-last-year.html,boingboing,2023-04-11
Tim Marchman,Leaked Pentagon Docs Show Russia's Brutal Wagner Mercenaries Have Ambitions in Haiti,The top-secret documents show Vladimir Putin's favorite mercenary group has global plans well beyond fighting in Ukraine.,https://www.vice.com/en_us/article/v7be4x/leaked-pentagon-documents-wagner-group-haiti,Vice News,2023-04-11
,Kornet: Most Fearsome Weapon of Russia’s Tank Hunters?,"The Russian military is training special ‘tank hunter’ units designed to take on the German, British and American armor being sent to Ukraine. What sorts of weapons will Russian forces have at their disposal to counter the sophisticated Western heavy weapons platforms? Sputnik explores.",https://sputnikglobe.com/20230411/kornet-most-fearsome-weapon-of-russias-tank-hunters-1109361417.html,en,2023-04-11
,Zimbabwe Interested in Russia's Help With Water Security – Water Resources Agency,"MOSCOW, (Sputnik) – Zimbabwe has expressed its interest in Russia's experience in resolving issues of water deficit, river recovery and ecological education, the Russian Federal Agency of Water Resources (Rosvodoresursy) said on Tuesday.",https://sputnikglobe.com/20230411/zimbabwe-interested-in-russias-help-with-water-security--water-resources-agency-1109362906.html,en,2023-04-11
Reuters,"Volcano erupts in Russian far east, carpeting villages in ash","One of Russia's most active volcanoes erupted on the far eastern Kamchatka peninsula on Tuesday, shooting a vast cloud of ash far into the sky that smothered villages and triggered an aviation warning.",https://nypost.com/2023/04/11/volcano-erupts-in-russian-far-east-carpeting-villages-in-ash/,New York Post,2023-04-11
,Espagne : Pedro Sanchez devant le Congrès pour parler des accords avec le Maroc,"Le chef du gouvernement espagnol, Pedro Sanchez, comparaîtra devant la session plénière du Congrès, prévue mercredi 19 mai, pour évoquer lévolution du conflit en Ukraine et les relations de lEspagne avec le Maroc. Selon des sources parlementaires citées par l’agence Europe Press, cette séance sera inscrite à lordre du jour de la semaine prochaine.",https://www.yabiladi.com/articles/details/138683/espagne-pedro-sanchez-devant-congres.html,yabiladi.com,2023-04-11
,Ukrainian hackers say they have compromised Russian spy who hacked Democrats in 2016,(marketscreener.com) Ukrainian hackers claim to have broken into the emails of a senior Russian military spy wanted by the Federal Bureau of Investigation for hacking the Hillary Clinton campaign and other senior U.S. Democrats ahead of Donald Trump's election to the presidency in 2016.https://www.marketscreener.com/quote/currency/US-DOLLAR-RUSSIAN-ROUBL-2370597/news/Ukrainian-hackers-say-they-have-compromised-Russian-spy-who-hacked-Democrats-in-2016-43468089/?utm_medium=RSS&utm_content=20230411,https://www.marketscreener.com/quote/currency/US-DOLLAR-RUSSIAN-ROUBL-2370597/news/Ukrainian-hackers-say-they-have-compromised-Russian-spy-who-hacked-Democrats-in-2016-43468089/?utm_medium=RSS&utm_content=20230411,4-traders,2023-04-11
Reuters,Ukrainian hackers say they have compromised Russian spy who hacked Democrats in 2016,"WASHINGTON &#8212; Ukrainian hackers claim to have broken into the emails of a senior Russian military spy wanted by the Federal Bureau of Investigation for hacking the Hillary Clinton campaign and other senior U.S. Democrats ahead of Donald Trump&#8217;s election to the presidency in 2016. In a message posted to Telegram on Monday, a group [&#8230;]",https://nationalpost.com/pmn/news-pmn/crime-pmn/ukrainian-hackers-say-they-have-compromised-russian-spy-who-hacked-democrats-in-2016,nationalpost,2023-04-11
The Associated Press,Russian lawmakers vet bill allowing electronic draft notices,MOSCOW (AP) &#8212; Russian lawmakers approved legislation Tuesday that would allow authorities to issue electronic summons to draftees and reservists amid the fighting in Ukraine. The State Duma voted to pass the bill on its second and third readings. The legislation still needs approval from the upper house of parliament and President Vladimir Putin&#8217;s signature [&#8230;],https://nationalpost.com/pmn/news-pmn/russian-lawmakers-vet-bill-allowing-electronic-draft-notices,nationalpost,2023-04-11
,Russian lawmakers vet bill allowing electronic draft notices,Russian lawmakers have approved legislation that would allow authorities to issue electronic summons to draftees and reservists,https://www.sandiegouniontribune.com/news/nation-world/story/2023-04-11/russian-lawmakers-vet-bill-allowing-electronic-draft-notices,signonsandiego,2023-04-11
AFP,Russian volcano spews ash across Kamchatka peninsula,Volcanologists issued a red code warning for flights,https://timesofmalta.com/articles/view/russian-volcano-spews-ash-across-kamchatka-peninsula.1024736,Times of Malta,2023-04-11
Micaela Burrow,Leaked Document Appears To Show US Doubts About Ukraine’s Anticipated Counteroffensive: REPORT,'The information hype is not an advantage',https://dailycaller.com/2023/04/11/pentagon-documents-doubts-ukraine-counteroffensive/,dailycaller,2023-04-11
Alex Hern UK technology editor,Pentagon leak traced to video game chat group users arguing over war in Ukraine,"Analysis suggests top-secret documents were first shared on closed gamer chatrooms hosted by DiscordA damaging batch of documents leaked from the Pentagon appears to have been initially shared on the video game chat platform Discord in an effort to win an argument about the war in Ukraine, according to open-source intelligence analysts.The bizarre provenance of the leak may seem unusual but it is far from the first time that a dispute between gamers has sparked an intelligence breach, with the overlapping communities causing problems for militaries and gaming platforms alike. Continue reading...",https://www.theguardian.com/world/2023/apr/11/pentagon-leak-traced-to-video-game-chat-group-users-arguing-over-war-in-ukraine,The Guardian,2023-04-11
Reuters News Service,"UN tally of confirmed civilian deaths in Ukraine approaches 8,500","Nearly 8,500 civilians are confirmed to have been killed in Russia&#8217;s invasion of Ukraine, a U.N. body said on Tuesday, with many thousands more unverified deaths still feared. The Office of the UN High Commissioner for Human Rights (OHCHR) said it had recorded 8,490 people killed and 14,244 injured between...",https://cyprus-mail.com/2023/04/11/un-tally-of-confirmed-civilian-deaths-in-ukraine-approaches-8500/,cyprus-mail,2023-04-11
,"Yellen says vigilant to downside risks given war in Ukraine, banking pressures","(marketscreener.com) U.S. Treasury SecretaryJanet Yellen said she remained vigilant to downside risks facingthe global economy, given the negative economic consequences ofRussia's war against Ukraine and recent pressures on bankingsystems in the United States and elsewhere. In remarks prepared for a news conference, Yellen said theglobal economy was...https://www.marketscreener.com/news/latest/Yellen-says-vigilant-to-downside-risks-given-war-in-Ukraine-banking-pressures--43467737/?utm_medium=RSS&utm_content=20230411",https://www.marketscreener.com/news/latest/Yellen-says-vigilant-to-downside-risks-given-war-in-Ukraine-banking-pressures--43467737/?utm_medium=RSS&utm_content=20230411,4-traders,2023-04-11
,Developed during the war: Ukraine's 'Sherlock Holmes: The Awakened',"Kyiv studio Frogwares is releasing a video game created entirely during the war. How did the conflict influence the development of ""Sherlock Holmes: The Awakened?""",https://www.dw.com/en/developed-during-the-war-ukraine-s-sherlock-holmes-the-awakened/a-65238641?maca=en-rss-en-all-1573-rdf,Deutsche Welle,2023-04-11
,Developed during the war: Ukraine's 'Sherlock Holmes: The Awakened',"Kyiv studio Frogwares is releasing a video game created entirely during the war. How did the conflict influence the development of ""Sherlock Holmes: The Awakened?""",https://www.dw.com/en/developed-during-the-war-ukraine-s-sherlock-holmes-the-awakened/a-65238641?maca=en-rss-en-top-1022-rdf,Deutsche Welle,2023-04-11
Holly Patrick,Volcanologist makes ‘ash angel’ after Russian volcano erupts,"A volcanologist dressed in a hazmat suit made an ‘ash angel’ in debris left by a Russian volcano eruption on Tuesday, 11 April.",https://www.independent.co.uk/tv/news/russia-volcano-eruption-shiveluch-ash-b2317800.html,Independent,2023-04-11
,Russian tennis player speaks out after sparking outrage with Spartak Moscow shirt,"Russian tennis player Anastasia Potapova has vowed not to wear a Spartak Moscow shirt on court again, after she was criticised for doing so during Indian Wells. ",https://www.dailymail.co.uk/sport/tennis/article-11960339/Russian-tennis-player-speaks-sparking-outrage-Spartak-Moscow-shirt.html?ns_mchannel=rss&ito=1490&ns_campaign=1490,dailymail,2023-04-11
Pierra Willix,This Morning guest tells cosmetic surgery ‘horror story’ after ‘being given BBL without her knowledge’,'Would you play Russian Roulette?',https://metro.co.uk/2023/04/11/this-morning-guest-tells-cosmetic-surgery-horror-story-after-bbl-18591083/,Metro,2023-04-11
Times of Malta,'Revenge of the geeks': Drones battle on Ukraine front,"In the modern battlefield, drones can update artillery units in real time",https://timesofmalta.com/articles/view/revenge-geeks-drones-battle-ukraine-front.1024700,Times of Malta,2023-04-11
,"Russia may see wider 2023 budget deficit, lower growth for years to come -IMF","(marketscreener.com) Russia may see a sharply wider budget deficit and a smaller current account surplus this year, while global isolation and lower energy revenues dampen its economic growth prospects for years to come, the International Monetary Fund said on Tuesday. https://www.marketscreener.com/quote/currency/US-DOLLAR-RUSSIAN-ROUBL-2370597/news/Russia-may-see-wider-2023-budget-deficit-lower-growth-for-years-to-come-IMF-43467383/?utm_medium=RSS&utm_content=20230411",https://www.marketscreener.com/quote/currency/US-DOLLAR-RUSSIAN-ROUBL-2370597/news/Russia-may-see-wider-2023-budget-deficit-lower-growth-for-years-to-come-IMF-43467383/?utm_medium=RSS&utm_content=20230411,4-traders,2023-04-11
ADAM PEMBLE,Russian forces in Crimea brace for possible Ukraine assault,The Moscow-appointed leader of Crimea says the region is on guard for what may be an impending Ukrainian counteroffensive,https://www.sandiegouniontribune.com/news/nation-world/story/2023-04-11/russian-forces-in-crimea-brace-for-possible-ukraine-assault,signonsandiego,2023-04-11
The Associated Press,Hungary concludes new energy agreements with Russia,"BUDAPEST, Hungary (AP) &#8212; Hungary signed new agreements Tuesday to ensure its continued access to Russian energy, a sign of the country&#8217;s continuing diplomatic and trade ties with Moscow that have confounded some European leaders amid the war in Ukraine. Speaking at a news briefing in Moscow, Hungarian Foreign Minister Peter Szijjarto said Russian state [&#8230;]",https://financialpost.com/pmn/business-pmn/hungary-concludes-new-energy-agreements-with-russia,business,2023-04-11
,Hungary concludes new energy agreements with Russia,Hungary has signed new agreements to ensure its continued access to Russian energy,https://www.marketbeat.com/articles/hungary-concludes-new-energy-agreements-with-russia-2023-04-11/,lulegacy,2023-04-11
,Pays baltes: Comment Kaja Kallas est devenue la «nouvelle dame de fer de l’Europe»,"Reconduite à la tête de l’Estonie, elle symbolise l’irruption de l’Europe orientale sur le devant de la scène européenne à la faveur de la guerre en Ukraine. Portrait. ",https://www.24heures.ch/comment-kaja-kallas-est-devenue-la-nouvelle-dame-de-fer-de-leurope-961290913002,24 heures,2023-04-11
,Pays baltes: Comment Kaja Kallas est devenue la «nouvelle dame de fer de l’Europe»,"Reconduite à la tête de l’Estonie, elle symbolise l’irruption de l’Europe orientale sur le devant de la scène européenne à la faveur de la guerre en Ukraine. Portrait. ",https://www.tdg.ch/comment-kaja-kallas-est-devenue-la-nouvelle-dame-de-fer-de-leurope-961290913002,Tribune de Geneve,2023-04-11
Amanda Little,Opinion: Ukraine has given the world a blueprint to fight hunger,Five crucial ways we can build on lessons from a year of conflict. Begin with more forward thinking.,https://www.mercurynews.com/2023/04/11/opinion-ukraine-has-given-the-world-a-blueprint-to-fight-hunger/,The Mercury News,2023-04-11
Jordan King,Emotional moment 100 prisoners return to Ukraine after swap deal with Russia,"One soldier was heard on the phone to their mum saying: 'It's okay, I'm back, alive, healthy. It's okay mommy.'",https://metro.co.uk/2023/04/11/emotional-moment-prisoners-return-to-ukraine-after-deal-with-russia-18591144/,Metro,2023-04-11
,Szijjarto Says Discussed With Novak Prevention of Sanctions Against Nuclear Energy Sphere,"BUDAPEST (Sputnik) - Hungarian Foreign Minister Peter Szijjarto said on Tuesday that he discussed with Russian Deputy Prime Minister Alexander Novak the prevention of sanctions against nuclear energy sphere, and supplies via the Turkish Stream, and the Druzhba pipelines.",https://sputnikglobe.com/20230411/szijjarto-says-discussed-with-novak-prevention-of-sanctions-against-nuclear-energy-sphere-1109352398.html,en,2023-04-11
,More than half of aluminium in LME warehouses produced in Russia,"(marketscreener.com) The share of Russian aluminium stocks in warehouses registered with the London Metal Exchange climbed to 53% of the total in March from 46% in February and 41% in January, data on the exchange's website showed on Tuesday.https://www.marketscreener.com/news/latest/More-than-half-of-aluminium-in-LME-warehouses-produced-in-Russia--43466713/?utm_medium=RSS&utm_content=20230411",https://www.marketscreener.com/news/latest/More-than-half-of-aluminium-in-LME-warehouses-produced-in-Russia--43466713/?utm_medium=RSS&utm_content=20230411,4-traders,2023-04-11
"David Hambling, Contributor",The New Company Mass-Producing Attack Drones For Ukraine,"A new company manufacturing miniature attack drones for Ukraine has emerged from stealth mode. One Way Aerospace's Scalpel anti-tank drones have proved themselves in combat, now they will be mass-produced in Ukraine.",https://www.forbes.com/sites/davidhambling/2023/04/11/the-new-company-mass-producing-attack-drones-for-ukraine/,Forbes,2023-04-11
,More than half of aluminium in LME warehouses produced in Russia,"(marketscreener.com) The share of Russian aluminium stocks in warehouses registered with the London Metal Exchange climbed to 53% of the total in March from 46% in February and 41% in January, data on the exchange's website showed on Tuesday.https://www.marketscreener.com/quote/stock/UNITED-COMPANY-RUSAL-INT-6165909/news/More-than-half-of-aluminium-in-LME-warehouses-produced-in-Russia-43466713/?utm_medium=RSS&utm_content=20230411",https://www.marketscreener.com/quote/stock/UNITED-COMPANY-RUSAL-INT-6165909/news/More-than-half-of-aluminium-in-LME-warehouses-produced-in-Russia-43466713/?utm_medium=RSS&utm_content=20230411,4-traders,2023-04-11
"Katya Soldak, Forbes Staff","Tuesday, April 11. Russia’s War On Ukraine: News And Information From Ukraine",Dispatches from Ukraine. Day 412.,https://www.forbes.com/sites/katyasoldak/2023/04/11/tuesday-april-11-russias-war-on-ukraine-news-and-information-from-ukraine/,Forbes,2023-04-11
Philip Barker,Russian Diving Federation President set to meet sports officials to discuss competing with Chinese divers,Russian Diving Federation President Stanislav Druzhinin has revealed he is set to meet sports off...,https://cdn.dmcl.biz/articles/1135802/russia-diving-hopes-china,insidethegames,2023-04-11
Jasper King,Apocalyptic scenes after erupting Russian volcano covers entire villages in ash,Smothered villages were covered in 8.5cm of dust - the deepest in 60 years.,https://metro.co.uk/2023/04/11/russia-shiveluch-volcano-erupts-for-first-time-in-16-years-18590321/,Metro,2023-04-11
Neil Shefferd,All-Russian Swimming Federation President Salnikov says criteria for admission of Russians a &quot;perversion&quot; of Olympic Movement’s principles,All-Russian Swimming Federation President Vladimir Salnikov has described the criteria for the re...,https://web4.insidethegames.biz/articles/1135805/salnikov-perversion-russia-principles,insidethegames,2023-04-11
Philip Barker,Russian Diving Federation President set to meet sports officials to discuss competing with Chinese divers,Russian Diving Federation President Stanislav Druzhinin has revealed he is set to meet sports off...,https://web4.insidethegames.biz/articles/1135802/russia-diving-hopes-china,insidethegames,2023-04-11
,Ukraine updates: Russia begins military drills in the Arctic,"Soldiers, ships and planes are taking part in the military exercise in Russia's icy northern sea. Meanwhile, the UK has said Russia is likely beefing up its airborne forces. DW has the latest.",https://www.dw.com/en/ukraine-updates-russia-begins-military-drills-in-the-arctic/a-65276843?maca=en-rss-en-world-4025-rdf,Deutsche Welle,2023-04-11
,"Industrie. Flambée du prix du gaz : nouveau prêt public pour Arc, qui redémarre ses fours",Le verrier avait provisoirement fermé cet hiver cinq de ses huit fours fonctionnant au gaz face à la flambée du prix découlant de l'invasion de l'Ukraine.,https://www.republicain-lorrain.fr/societe/2023/04/11/flambee-du-prix-du-gaz-nouveau-pret-public-pour-arc-qui-redemarre-ses-fours,La Republicain,2023-04-11
Philip Barker,Russian Diving Federation President set to meet sports officials to discuss competing with Chinese divers,Russian Diving Federation President Stanislav Druzhinin has revealed he is set to meet sports off...,https://www.insidethegames.biz/articles/1135802/russia-diving-hopes-china,insidethegames,2023-04-11
Ousmane Wade,"Pape Modou Fall, Citoyen Sénégalais: « 2024, une perspective, un enjeu »","Notre pays à la croisée des chemins Il subit les contre-coups de la crise économique engendrée par la guerre en Ukraine, il est cerné par une ceinture de feu des pays de la sous-région déstabilisées par les forces djihadistes, la découverte du pétrole et du gaz aiguise les appétits à l’intérieur comme à l’extérieur de nos frontières. Ce contexte géo-politique est gros de menaces qu’il faut prendre très au sérieux. Car l’enjeu pour notre nation est d’ordre existentiel. C’est la survie du pays qui est la vraie problématique actuelle. Le jeu politique qui s’...",https://www.leral.net/Pape-Modou-Fall-Citoyen-Senegalais-2024-une-perspective-un-enjeu_a346955.html,leral.net,2023-04-11
Reuters News Service,Russia plans electronic call-up papers in crackdown on draft dodgers,"Russia is poised to introduce electronic military draft papers for the first time in its history in an effort to make it harder for men to avoid being drafted as it seeks to perfect a system it has used to bolster its military forces in Ukraine. The State Duma, the...",https://cyprus-mail.com/2023/04/11/russia-plans-electronic-call-up-papers-in-crackdown-on-draft-dodgers/,cyprus-mail,2023-04-11
Neil Shefferd,All-Russian Swimming Federation President Salnikov says criteria for admission of Russians a &quot;perversion&quot; of Olympic Movement’s principles,All-Russian Swimming Federation President Vladimir Salnikov has described the criteria for the re...,https://www.insidethegames.biz/articles/1135805/salnikov-perversion-russia-principles,insidethegames,2023-04-11
,"First in Four Years, Oil Tanker Offloads Russian Crude in Ghana, Reports Say","The tanker Theseus, loaded with 600,000 barrels of Russian crude oil, left the Black Sea port of Novorossiysk in late January and arrived in Ghanaian waters off the Gulf of Guinea on February 24. The raw materials were to be delivered to the Tema Oil Refinery (TOR), located 24 km from Ghana's capital of Accra.",https://sputnikglobe.com/20230411/first-in-four-years-oil-tanker-offloads-russian-crude-in-ghana-reports-say-1109343873.html,en,2023-04-11
,US Creating Biological Weapon Components Near Russia's Borders: Russian Defense Ministry,"MOSCOW (Sputnik) - The United States is creating components of biological weapons in the immediate vicinity of Russia's borders, Lt. Gen. Igor Kirillov, the head of the radiation, chemical and biological defense troops of the Russian armed forces, said on Tuesday.",https://sputnikglobe.com/20230411/us-creating-biological-weapon-components-near-russias-borders-russian-defense-ministry-1109349596.html,en,2023-04-11
,"Western Weapons Sent to Ukraine Popping Up in Europe, Africa, Russia's UNSC Envoy Says","As NATO Secretary General Jens Stoltenberg stated on April 3, NATO members have provided Ukraine with military assistance worth more than 65 billion euros. The United States, Britain, and Poland are the leading suppliers of weaponry to Ukraine among the NATO states.",https://sputnikglobe.com/20230411/western-weapons-sent-to-ukraine-popping-up-in-europe-africa-russias-unsc-envoy-says-1109341345.html,en,2023-04-11
Naharnet Newsdesk,Russian volcano spews ash across Kamchatka peninsula,Russian volcano spews ash across Kamchatka peninsula,https://www.naharnet.com/stories/en/296836-russian-volcano-spews-ash-across-kamchatka-peninsula,naharnet,2023-04-11
,"How Many Nukes Does Russia Have in 2023, and What Kinds are There?",Fears that the NATO-Russia proxy war in Ukraine might escalate into a nuclear holocaust have apparently subsided among US policymakers as the West continues to probe Russia’s security red lines through arms deliveries to Kiev. How many nukes does Moscow have in its arsenal in 2023? Under what conditions could it would use them? Sputnik explains.,https://sputnikglobe.com/20230411/how-many-nukes-does-russia-have-in-2023-and-what-kinds-are-there-1107385137.html,en,2023-04-11
,"Ukrainian Ex-President’s Wife Owns Giant Champagne Factory in Embattled Artemovsk, DPR Chief Reveals","President Zelensky personally ordered the reinforcement of the Ukrainian-occupied DPR city of Artemovsk (the Ukrainian side calls it Bakhmut) with elite troops and reserve forces last month, with battles for the city turning into a brutal meat grinder. Russian fighters raised a Russian flag over the city’s town hall last week.",https://sputnikglobe.com/20230411/ukrainian-ex-presidents-wife-owns-giant-champagne-factory-in-embattled-artemovsk-dpr-chief-reveals-1109347444.html,en,2023-04-11
